what,kind,bundleId,bundleVersion,description,time
started,bundle,org.eclipse.ltk.ui.refactoring,3.6.0.v20110505-0800,"org.eclipse.ltk.ui.refactoring",1438999664672
started,bundle,org.eclipse.mylyn.bugzilla.core,3.6.2.v20110903-0100,"org.eclipse.mylyn.bugzilla.core",1438999664672
started,bundle,org.eclipse.mylyn.bugzilla.ui,3.6.0.v20110608-1400,"org.eclipse.mylyn.bugzilla.ui",1438999664672
started,bundle,org.eclipse.mylyn.commons.identity,0.8.0.v20110608-1400,"org.eclipse.mylyn.commons.identity",1438999664672
started,bundle,org.eclipse.mylyn.commons.net,3.6.0.v20110608-1400,"org.eclipse.mylyn.commons.net",1438999664672
started,bundle,org.eclipse.mylyn.commons.ui,3.6.1.v20110720-0100,"org.eclipse.mylyn.commons.ui",1438999664672
started,bundle,org.eclipse.mylyn.context.core,3.6.1.v20110720-0100,"org.eclipse.mylyn.context.core",1438999664672
started,bundle,org.eclipse.mylyn.context.ui,3.6.0.v20110608-1400,"org.eclipse.mylyn.context.ui",1438999664672
started,bundle,org.eclipse.mylyn.monitor.ui,3.6.0.v20110608-1400,"org.eclipse.mylyn.monitor.ui",1438999664672
started,bundle,org.eclipse.mylyn.tasks.ui,3.6.2.v20110826-0100,"org.eclipse.mylyn.tasks.ui",1438999664687
started,bundle,org.eclipse.mylyn.team.ui,3.6.1.v20110825-0100,"org.eclipse.mylyn.team.ui",1438999664703
started,bundle,org.eclipse.pde.launching,3.6.0.v20110506,"org.eclipse.pde.launching",1438999664703
started,bundle,org.eclipse.pde.ui,3.6.100.v20110603,"org.eclipse.pde.ui",1438999664719
started,bundle,org.eclipse.search,3.7.0.v20110505-0800,"org.eclipse.search",1438999664719
started,bundle,org.eclipse.team.core,3.6.0.I20110525-0800,"org.eclipse.team.core",1438999664719
started,bundle,org.eclipse.ui,3.7.0.I20110602-0100,"org.eclipse.ui",1438999664734
started,bundle,org.eclipse.ui.editors,3.7.0.v20110517-0800,"org.eclipse.ui.editors",1438999664734
started,bundle,org.eclipse.ui.forms,3.5.100.v20110425,"org.eclipse.ui.forms",1438999664734
started,bundle,org.eclipse.ui.ide,3.7.0.v20110809-1737,"org.eclipse.ui.ide",1438999664734
started,bundle,org.eclipse.ui.net,1.2.100.I20110511-0800,"org.eclipse.ui.net",1438999664734
started,bundle,org.eclipse.ui.views,3.6.0.I20110412-0800,"org.eclipse.ui.views",1438999664734
started,bundle,org.eclipse.ui.views.log,1.0.200.v20110404,"org.eclipse.ui.views.log",1438999664734
started,bundle,org.eclipse.ui.workbench,3.7.0.I20110519-0100,"org.eclipse.ui.workbench",1438999664734
started,bundle,org.eclipse.ui.workbench.texteditor,3.7.0.v20110505-0800,"org.eclipse.ui.workbench.texteditor",1438999664734
started,bundle,org.eclipse.update.scheduler,3.2.300.v20100512,"org.eclipse.update.scheduler",1438999664750
started,bundle,org.eclipse.wst.common.project.facet.core,1.4.200.v201103170332,"org.eclipse.wst.common.project.facet.core",1438999664750
started,bundle,org.eclipse.wst.web,1.1.500.v201104251400,"org.eclipse.wst.web",1438999664750
os,sysinfo,,,"win32",1438999664750
arch,sysinfo,,,"x86",1438999664750
ws,sysinfo,,,"win32",1438999664750
locale,sysinfo,,,"en_US",1438999664750
processors,sysinfo,,,"2",1438999664750
java.runtime.name,sysinfo,,,"Java(TM) SE Runtime Environment",1438999664750
java.runtime.version,sysinfo,,,"1.7.0-b147",1438999664750
java.specification.name,sysinfo,,,"Java Platform API Specification",1438999664750
java.specification.vendor,sysinfo,,,"Oracle Corporation",1438999664750
java.specification.version,sysinfo,,,"1.7",1438999664750
java.vendor,sysinfo,,,"Oracle Corporation",1438999664750
java.version,sysinfo,,,"1.7.0",1438999664750
java.vm.info,sysinfo,,,"mixed mode, sharing",1438999664750
java.vm.name,sysinfo,,,"Java HotSpot(TM) Client VM",1438999664750
java.vm.specification.name,sysinfo,,,"Java Virtual Machine Specification",1438999664750
java.vm.specification.vendor,sysinfo,,,"Oracle Corporation",1438999664750
java.vm.specification.version,sysinfo,,,"1.7",1438999664750
java.vm.vendor,sysinfo,,,"Oracle Corporation",1438999664750
java.vm.version,sysinfo,,,"21.0-b17",1438999664750
started,bundle,org.eclipse.emf.common,2.7.0.v20110912-0920,"org.eclipse.emf.common",1438999664843
started,bundle,org.eclipse.update.configurator,3.3.100.v20100512,"org.eclipse.update.configurator",1438999664859
started,bundle,org.eclipse.update.core,3.2.500.v20110330,"org.eclipse.update.core",1438999664984
started,bundle,org.eclipse.emf.ecore,2.7.0.v20110912-0920,"org.eclipse.emf.ecore",1438999665030
started,bundle,org.eclipse.jsch.core,1.1.300.I20110514-0800,"org.eclipse.jsch.core",1438999665171
started,bundle,org.eclipse.team.cvs.core,3.3.400.I20110510-0800,"org.eclipse.team.cvs.core",1438999665171
started,bundle,org.eclipse.emf.ecore.xmi,2.7.0.v20110520-1406,"org.eclipse.emf.ecore.xmi",1438999665311
started,bundle,org.eclipse.team.ui,3.6.100.I20110525-0800,"org.eclipse.team.ui",1438999665483
started,bundle,org.eclipse.ui.console,3.5.100.v20110511,"org.eclipse.ui.console",1438999665514
started,bundle,org.eclipse.team.cvs.ui,3.3.400.I20110510-0800,"org.eclipse.team.cvs.ui",1438999665716
started,bundle,org.eclipse.jst.common.project.facet.core,1.4.200.v201103170302,"org.eclipse.jst.common.project.facet.core",1438999665763
started,bundle,org.eclipse.jst.ws.jaxrs.core,1.0.301.v201108240656,"org.eclipse.jst.ws.jaxrs.core",1438999665810
opened,view,org.eclipse.ui.ide,3.7.0.v20110809-1737,"org.eclipse.ui.views.ProblemView",1438999668211
started,bundle,org.eclipse.compare,3.5.201.R37x_v20110817-0800,"org.eclipse.compare",1438999697149
error,log,,,"Could not write: Z:\\spic\\.metadata\\.mylyn\\repositories.xml.zip",1438999747014
executed,command,org.eclipse.ui,3.7.0.I20110602-0100,"org.eclipse.ui.file.save",1438999786165
opened,editor,org.eclipse.jdt.ui,3.7.1.r371_v20110824-0800,"org.eclipse.jdt.ui.CompilationUnitEditor",1438999814245
activated,editor,org.eclipse.jdt.ui,3.7.1.r371_v20110824-0800,"org.eclipse.jdt.ui.CompilationUnitEditor",1438999814277
activated,editor,org.eclipse.jdt.ui,3.7.1.r371_v20110824-0800,"org.eclipse.jdt.ui.CompilationUnitEditor",1438999817036
executed,command,org.eclipse.ui,3.7.0.I20110602-0100,"org.eclipse.ui.file.save",1438999842030
started,bundle,org.eclipse.help.base,3.6.1.v201109091335,"org.eclipse.help.base",1438999846785
started,bundle,org.eclipse.help.ui,3.5.101.r37_20110819,"org.eclipse.help.ui",1438999847097
opened,view,org.eclipse.help.ui,3.5.101.r37_20110819,"org.eclipse.help.ui.HelpView",1438999847253
activated,view,org.eclipse.help.ui,3.5.101.r37_20110819,"org.eclipse.help.ui.HelpView",1438999847284
started,bundle,org.eclipse.ui.cheatsheets,3.4.100.v20110425,"org.eclipse.ui.cheatsheets",1438999847315
started,bundle,org.eclipse.ui.intro,3.4.100.v20110425,"org.eclipse.ui.intro",1438999847362
no handler,command,org.eclipse.ui,3.7.0.I20110602-0100,"org.eclipse.ui.edit.rename",1438999848532
activated,editor,org.eclipse.jdt.ui,3.7.1.r371_v20110824-0800,"org.eclipse.jdt.ui.CompilationUnitEditor",1438999863141
executed,command,org.eclipse.ui,3.7.0.I20110602-0100,"org.eclipse.ui.file.save",1438999867086
started,bundle,org.eclipse.mylyn.ide.ui,3.6.0.v20110608-1400,"org.eclipse.mylyn.ide.ui",1438999911104
started,bundle,org.eclipse.jpt.jaxb.ui,1.1.1.v201108080010,"org.eclipse.jpt.jaxb.ui",1438999911119
started,bundle,org.eclipse.jpt.jpa.ui,3.0.1.v201108080010,"org.eclipse.jpt.jpa.ui",1438999911197
started,bundle,org.eclipse.jpt.common.core,1.0.1.v201108080010,"org.eclipse.jpt.common.core",1438999911260
started,bundle,org.eclipse.jpt.jpa.core,3.0.1.v201109073010,"org.eclipse.jpt.jpa.core",1438999911260
started,bundle,org.eclipse.jst.ws.jaxws.ui,1.0.100.v201104032053,"org.eclipse.jst.ws.jaxws.ui",1438999911306
started,bundle,org.eclipse.mylyn.java.ui,3.6.0.v20110608-1400,"org.eclipse.mylyn.java.ui",1438999911322
started,bundle,org.eclipse.pde.api.tools,1.0.301.v20110728_r371,"org.eclipse.pde.api.tools",1438999911384
started,bundle,org.eclipse.pde.api.tools.ui,1.0.301.v20110803_r371,"org.eclipse.pde.api.tools.ui",1438999911400
started,bundle,org.eclipse.jpt.jaxb.core,1.0.1.v201108080010,"org.eclipse.jpt.jaxb.core",1438999911712
executed,command,org.eclipse.ui,3.7.0.I20110602-0100,"org.eclipse.ui.file.save",1438999919745
started,bundle,org.eclipse.mylyn.java.tasks,3.6.0.v20110608-1400,"org.eclipse.mylyn.java.tasks",1438999938882
executed,command,org.eclipse.ui,3.7.0.I20110602-0100,"org.eclipse.ui.file.save",1438999939272
deactivated,workbench,org.eclipse.ui.workbench,3.7.0.I20110519-0100,"",1438999944684
activated,workbench,org.eclipse.ui.workbench,3.7.0.I20110519-0100,"",1438999944887
opened,editor,org.eclipse.jdt.ui,3.7.1.r371_v20110824-0800,"org.eclipse.jdt.ui.CompilationUnitEditor",1438999944949
activated,editor,org.eclipse.jdt.ui,3.7.1.r371_v20110824-0800,"org.eclipse.jdt.ui.CompilationUnitEditor",1438999944965
activated,editor,org.eclipse.jdt.ui,3.7.1.r371_v20110824-0800,"org.eclipse.jdt.ui.CompilationUnitEditor",1438999956133
activated,editor,org.eclipse.jdt.ui,3.7.1.r371_v20110824-0800,"org.eclipse.jdt.ui.CompilationUnitEditor",1438999958160
error,log,,,"Unexpected runtime error while computing a text hover",1438999963354
activated,editor,org.eclipse.jdt.ui,3.7.1.r371_v20110824-0800,"org.eclipse.jdt.ui.CompilationUnitEditor",1438999974381
error,log,,,"Unexpected runtime error while computing a text hover",1438999976237
executed,command,org.eclipse.ui,3.7.0.I20110602-0100,"org.eclipse.ui.edit.undo",1438999980745
executed,command,org.eclipse.ui,3.7.0.I20110602-0100,"org.eclipse.ui.edit.undo",1438999981774
executed,command,org.eclipse.ui,3.7.0.I20110602-0100,"org.eclipse.ui.edit.undo",1438999982336
executed,command,org.eclipse.ui,3.7.0.I20110602-0100,"org.eclipse.ui.edit.undo",1438999983069
activated,editor,org.eclipse.jdt.ui,3.7.1.r371_v20110824-0800,"org.eclipse.jdt.ui.CompilationUnitEditor",1438999986157
executed,command,org.eclipse.ui,3.7.0.I20110602-0100,"org.eclipse.ui.edit.text.contentAssist.proposals",1439000033151
executed,command,org.eclipse.ui,3.7.0.I20110602-0100,"org.eclipse.ui.file.save",1439000077837
executed,command,org.eclipse.ui,3.7.0.I20110602-0100,"org.eclipse.ui.file.save",1439000092436
executed,command,org.eclipse.ui,3.7.0.I20110602-0100,"org.eclipse.ui.file.save",1439000101934
executed,command,org.eclipse.ui,3.7.0.I20110602-0100,"org.eclipse.ui.file.save",1439000130571
activated,editor,org.eclipse.jdt.ui,3.7.1.r371_v20110824-0800,"org.eclipse.jdt.ui.CompilationUnitEditor",1439000131538
opened,editor,org.eclipse.jdt.ui,3.7.1.r371_v20110824-0800,"org.eclipse.jdt.ui.CompilationUnitEditor",1439000132817
activated,editor,org.eclipse.jdt.ui,3.7.1.r371_v20110824-0800,"org.eclipse.jdt.ui.CompilationUnitEditor",1439000132832
activated,editor,org.eclipse.jdt.ui,3.7.1.r371_v20110824-0800,"org.eclipse.jdt.ui.CompilationUnitEditor",1439000148585
activated,editor,org.eclipse.jdt.ui,3.7.1.r371_v20110824-0800,"org.eclipse.jdt.ui.CompilationUnitEditor",1439000151907
activated,editor,org.eclipse.jdt.ui,3.7.1.r371_v20110824-0800,"org.eclipse.jdt.ui.CompilationUnitEditor",1439000163278
deactivated,workbench,org.eclipse.ui.workbench,3.7.0.I20110519-0100,"",1439000221629
activated,workbench,org.eclipse.ui.workbench,3.7.0.I20110519-0100,"",1439000222112
error,log,,,"Unexpected runtime error while computing a text hover",1439000222970
deactivated,workbench,org.eclipse.ui.workbench,3.7.0.I20110519-0100,"",1439000229818
activated,workbench,org.eclipse.ui.workbench,3.7.0.I20110519-0100,"",1439000230614
executed,command,org.eclipse.ui,3.7.0.I20110602-0100,"org.eclipse.ui.file.save",1439000239162
executed,command,org.eclipse.ui,3.7.0.I20110602-0100,"org.eclipse.ui.file.save",1439000260798
executed,command,org.eclipse.ui,3.7.0.I20110602-0100,"org.eclipse.ui.edit.cut",1439000271343
executed,command,org.eclipse.ui,3.7.0.I20110602-0100,"org.eclipse.ui.edit.paste",1439000281466
executed,command,org.eclipse.ui,3.7.0.I20110602-0100,"org.eclipse.ui.edit.text.contentAssist.proposals",1439000286926
executed,command,org.eclipse.ui,3.7.0.I20110602-0100,"org.eclipse.ui.file.save",1439000304647
started,bundle,org.eclipse.debug.ui,3.7.101.v20110817_r371,"org.eclipse.debug.ui",1439000306799
started,bundle,org.eclipse.wst.server.core,1.1.303.v20110816_1717,"org.eclipse.wst.server.core",1439000307189
started,bundle,org.eclipse.wst.server.ui,1.1.306.v20110823_1704,"org.eclipse.wst.server.ui",1439000307205
started,bundle,org.eclipse.wst.common.frameworks,1.2.101.v201107192200,"org.eclipse.wst.common.frameworks",1439000307330
started,bundle,org.eclipse.wst.common.emf,1.2.100.v201101101900,"org.eclipse.wst.common.emf",1439000307361
started,bundle,org.eclipse.jem.util,2.1.100.v201103021400,"org.eclipse.jem.util",1439000307392
started,bundle,org.eclipse.wst.common.emfworkbench.integration,1.2.101.v201107140600,"org.eclipse.wst.common.emfworkbench.integration",1439000307392
started,bundle,org.eclipse.wst.common.core,1.2.0.v200908252030,"org.eclipse.wst.common.core",1439000307439
started,bundle,org.eclipse.wst.common.modulecore,1.2.101.v201108231700,"org.eclipse.wst.common.modulecore",1439000307439
started,bundle,org.eclipse.jdt.debug,3.7.1.v20110802_r371,"org.eclipse.jdt.debug",1439000307532
started,bundle,org.eclipse.jdt.debug.ui,3.6.1.v20110803_r371,"org.eclipse.jdt.debug.ui",1439000307595
opened,view,org.eclipse.ui.console,3.5.100.v20110511,"org.eclipse.ui.console.ConsoleView",1439000308234
activated,view,org.eclipse.ui.console,3.5.100.v20110511,"org.eclipse.ui.console.ConsoleView",1439000308297
activated,editor,org.eclipse.jdt.ui,3.7.1.r371_v20110824-0800,"org.eclipse.jdt.ui.CompilationUnitEditor",1439000313195
executed,command,org.eclipse.ui,3.7.0.I20110602-0100,"org.eclipse.ui.edit.copy",1439000316783
executed,command,org.eclipse.ui,3.7.0.I20110602-0100,"org.eclipse.ui.file.save",1439000341351
opened,editor,org.eclipse.jdt.ui,3.7.1.r371_v20110824-0800,"org.eclipse.jdt.ui.CompilationUnitEditor",1439000343395
activated,editor,org.eclipse.jdt.ui,3.7.1.r371_v20110824-0800,"org.eclipse.jdt.ui.CompilationUnitEditor",1439000343426
activated,editor,org.eclipse.jdt.ui,3.7.1.r371_v20110824-0800,"org.eclipse.jdt.ui.CompilationUnitEditor",1439000344830
executed,command,org.eclipse.ui,3.7.0.I20110602-0100,"org.eclipse.ui.edit.paste",1439000348964
executed,command,org.eclipse.ui,3.7.0.I20110602-0100,"org.eclipse.ui.edit.paste",1439000359790
executed,command,org.eclipse.ui,3.7.0.I20110602-0100,"org.eclipse.ui.file.save",1439000378914
activated,editor,org.eclipse.jdt.ui,3.7.1.r371_v20110824-0800,"org.eclipse.jdt.ui.CompilationUnitEditor",1439000379663
executed,command,org.eclipse.ui,3.7.0.I20110602-0100,"org.eclipse.ui.edit.copy",1439000387291
activated,editor,org.eclipse.jdt.ui,3.7.1.r371_v20110824-0800,"org.eclipse.jdt.ui.CompilationUnitEditor",1439000394139
activated,editor,org.eclipse.jdt.ui,3.7.1.r371_v20110824-0800,"org.eclipse.jdt.ui.CompilationUnitEditor",1439000427740
executed,command,org.eclipse.ui,3.7.0.I20110602-0100,"org.eclipse.ui.edit.paste",1439000451498
executed,command,org.eclipse.ui,3.7.0.I20110602-0100,"org.eclipse.ui.file.save",1439000457067
deactivated,workbench,org.eclipse.ui.workbench,3.7.0.I20110519-0100,"",1439000459126
activated,workbench,org.eclipse.ui.workbench,3.7.0.I20110519-0100,"",1439000460436
activated,view,org.eclipse.ui.console,3.5.100.v20110511,"org.eclipse.ui.console.ConsoleView",1439000460764
activated,editor,org.eclipse.jdt.ui,3.7.1.r371_v20110824-0800,"org.eclipse.jdt.ui.CompilationUnitEditor",1439000468158
activated,editor,org.eclipse.jdt.ui,3.7.1.r371_v20110824-0800,"org.eclipse.jdt.ui.CompilationUnitEditor",1439000472526
activated,editor,org.eclipse.jdt.ui,3.7.1.r371_v20110824-0800,"org.eclipse.jdt.ui.CompilationUnitEditor",1439000493257
activated,editor,org.eclipse.jdt.ui,3.7.1.r371_v20110824-0800,"org.eclipse.jdt.ui.CompilationUnitEditor",1439000516422
started,bundle,org.eclipse.wst.jsdt.debug.rhino.ui,1.0.0.v201103232243,"org.eclipse.wst.jsdt.debug.rhino.ui",1439000518450
started,bundle,org.eclipse.wst.jsdt.core,1.1.101.v201108151912,"org.eclipse.wst.jsdt.core",1439000518668
deactivated,workbench,org.eclipse.ui.workbench,3.7.0.I20110519-0100,"",1439000518700
activated,workbench,org.eclipse.ui.workbench,3.7.0.I20110519-0100,"",1439000521258
deactivated,workbench,org.eclipse.ui.workbench,3.7.0.I20110519-0100,"",1439000521430
activated,workbench,org.eclipse.ui.workbench,3.7.0.I20110519-0100,"",1439000521554
activated,view,org.eclipse.ui.console,3.5.100.v20110511,"org.eclipse.ui.console.ConsoleView",1439000521679
activated,editor,org.eclipse.jdt.ui,3.7.1.r371_v20110824-0800,"org.eclipse.jdt.ui.CompilationUnitEditor",1439000526936
executed,command,org.eclipse.ui,3.7.0.I20110602-0100,"org.eclipse.ui.file.save",1439000532614
executed,command,org.eclipse.ui,3.7.0.I20110602-0100,"org.eclipse.ui.file.save",1439000735471
executed,command,org.eclipse.ui,3.7.0.I20110602-0100,"org.eclipse.ui.file.save",1439000744347
activated,editor,org.eclipse.jdt.ui,3.7.1.r371_v20110824-0800,"org.eclipse.jdt.ui.CompilationUnitEditor",1439000772271
executed,command,org.eclipse.ui,3.7.0.I20110602-0100,"org.eclipse.ui.file.save",1439000790258
deactivated,workbench,org.eclipse.ui.workbench,3.7.0.I20110519-0100,"",1439000798026
activated,workbench,org.eclipse.ui.workbench,3.7.0.I20110519-0100,"",1439000798167
executed,command,org.eclipse.ui,3.7.0.I20110602-0100,"org.eclipse.ui.file.save",1439000800569
executed,command,org.eclipse.ui,3.7.0.I20110602-0100,"org.eclipse.ui.edit.undo",1439000811645
opened,editor,org.eclipse.jdt.ui,3.7.1.r371_v20110824-0800,"org.eclipse.jdt.ui.CompilationUnitEditor",1439000816684
activated,editor,org.eclipse.jdt.ui,3.7.1.r371_v20110824-0800,"org.eclipse.jdt.ui.CompilationUnitEditor",1439000816699
activated,editor,org.eclipse.jdt.ui,3.7.1.r371_v20110824-0800,"org.eclipse.jdt.ui.CompilationUnitEditor",1439000817323
activated,editor,org.eclipse.jdt.ui,3.7.1.r371_v20110824-0800,"org.eclipse.jdt.ui.CompilationUnitEditor",1439000820412
deactivated,workbench,org.eclipse.ui.workbench,3.7.0.I20110519-0100,"",1439000822783
activated,workbench,org.eclipse.ui.workbench,3.7.0.I20110519-0100,"",1439000823984
activated,view,org.eclipse.ui.console,3.5.100.v20110511,"org.eclipse.ui.console.ConsoleView",1439000824218
activated,editor,org.eclipse.jdt.ui,3.7.1.r371_v20110824-0800,"org.eclipse.jdt.ui.CompilationUnitEditor",1439000825482
executed,command,org.eclipse.ui,3.7.0.I20110602-0100,"org.eclipse.ui.file.save",1439000831722
deactivated,workbench,org.eclipse.ui.workbench,3.7.0.I20110519-0100,"",1439000833797
activated,workbench,org.eclipse.ui.workbench,3.7.0.I20110519-0100,"",1439000834967
activated,view,org.eclipse.ui.console,3.5.100.v20110511,"org.eclipse.ui.console.ConsoleView",1439000835201
activated,editor,org.eclipse.jdt.ui,3.7.1.r371_v20110824-0800,"org.eclipse.jdt.ui.CompilationUnitEditor",1439000836230
deactivated,workbench,org.eclipse.ui.workbench,3.7.0.I20110519-0100,"",1439000843593
activated,workbench,org.eclipse.ui.workbench,3.7.0.I20110519-0100,"",1439000843749
deactivated,workbench,org.eclipse.ui.workbench,3.7.0.I20110519-0100,"",1439000846464
activated,workbench,org.eclipse.ui.workbench,3.7.0.I20110519-0100,"",1439000846651
executed,command,org.eclipse.ui,3.7.0.I20110602-0100,"org.eclipse.ui.file.save",1439000849693
deactivated,workbench,org.eclipse.ui.workbench,3.7.0.I20110519-0100,"",1439000851081
activated,workbench,org.eclipse.ui.workbench,3.7.0.I20110519-0100,"",1439000852610
activated,view,org.eclipse.ui.console,3.5.100.v20110511,"org.eclipse.ui.console.ConsoleView",1439000852844
activated,editor,org.eclipse.jdt.ui,3.7.1.r371_v20110824-0800,"org.eclipse.jdt.ui.CompilationUnitEditor",1439000862594
activated,editor,org.eclipse.jdt.ui,3.7.1.r371_v20110824-0800,"org.eclipse.jdt.ui.CompilationUnitEditor",1439000867196
closed,editor,org.eclipse.jdt.ui,3.7.1.r371_v20110824-0800,"org.eclipse.jdt.ui.CompilationUnitEditor",1439000870487
deactivated,workbench,org.eclipse.ui.workbench,3.7.0.I20110519-0100,"",1439000875932
activated,workbench,org.eclipse.ui.workbench,3.7.0.I20110519-0100,"",1439000879442
deactivated,workbench,org.eclipse.ui.workbench,3.7.0.I20110519-0100,"",1439000883326
activated,workbench,org.eclipse.ui.workbench,3.7.0.I20110519-0100,"",1439000892421
opened,editor,org.eclipse.jdt.ui,3.7.1.r371_v20110824-0800,"org.eclipse.jdt.ui.CompilationUnitEditor",1439000892467
activated,editor,org.eclipse.jdt.ui,3.7.1.r371_v20110824-0800,"org.eclipse.jdt.ui.CompilationUnitEditor",1439000892483
executed,command,org.eclipse.ui,3.7.0.I20110602-0100,"org.eclipse.ui.file.save",1439000907006
executed,command,org.eclipse.ui,3.7.0.I20110602-0100,"org.eclipse.ui.file.save",1439000934181
activated,editor,org.eclipse.jdt.ui,3.7.1.r371_v20110824-0800,"org.eclipse.jdt.ui.CompilationUnitEditor",1439000949719
error,log,,,"Unexpected runtime error while computing a text hover",1439000951341
executed,command,org.eclipse.ui,3.7.0.I20110602-0100,"org.eclipse.ui.file.save",1439000958502
executed,command,org.eclipse.ui,3.7.0.I20110602-0100,"org.eclipse.ui.file.save",1439000964055
activated,view,org.eclipse.ui.console,3.5.100.v20110511,"org.eclipse.ui.console.ConsoleView",1439000966770
activated,editor,org.eclipse.jdt.ui,3.7.1.r371_v20110824-0800,"org.eclipse.jdt.ui.CompilationUnitEditor",1439000969999
error,log,,,"Unexpected runtime error while computing a text hover",1439001005988
executed,command,org.eclipse.ui,3.7.0.I20110602-0100,"org.eclipse.ui.file.save",1439001061618
deactivated,workbench,org.eclipse.ui.workbench,3.7.0.I20110519-0100,"",1439001072943
activated,workbench,org.eclipse.ui.workbench,3.7.0.I20110519-0100,"",1439001073146
deactivated,workbench,org.eclipse.ui.workbench,3.7.0.I20110519-0100,"",1439001149961
activated,workbench,org.eclipse.ui.workbench,3.7.0.I20110519-0100,"",1439001150085
executed,command,org.eclipse.ui,3.7.0.I20110602-0100,"org.eclipse.ui.file.save",1439001151599
executed,command,org.eclipse.ui,3.7.0.I20110602-0100,"org.eclipse.ui.file.save",1439001186511
executed,command,org.eclipse.ui.workbench.texteditor,3.7.0.v20110505-0800,"org.eclipse.ui.edit.text.smartEnter",1439001220098
executed,command,org.eclipse.ui,3.7.0.I20110602-0100,"org.eclipse.ui.file.save",1439001227321
executed,command,org.eclipse.ui,3.7.0.I20110602-0100,"org.eclipse.ui.file.save",1439001280408
executed,command,org.eclipse.ui,3.7.0.I20110602-0100,"org.eclipse.ui.edit.copy",1439001284245
executed,command,org.eclipse.ui,3.7.0.I20110602-0100,"org.eclipse.ui.edit.paste",1439001287927
executed,command,org.eclipse.ui,3.7.0.I20110602-0100,"org.eclipse.ui.edit.cut",1439001301577
executed,command,org.eclipse.ui,3.7.0.I20110602-0100,"org.eclipse.ui.edit.paste",1439001304557
executed,command,org.eclipse.ui,3.7.0.I20110602-0100,"org.eclipse.ui.file.save",1439001326865
executed,command,org.eclipse.ui,3.7.0.I20110602-0100,"org.eclipse.ui.edit.cut",1439001338549
executed,command,org.eclipse.ui,3.7.0.I20110602-0100,"org.eclipse.ui.edit.paste",1439001340218
executed,command,org.eclipse.ui,3.7.0.I20110602-0100,"org.eclipse.ui.file.save",1439001343494
executed,command,org.eclipse.ui,3.7.0.I20110602-0100,"org.eclipse.ui.edit.cut",1439001410416
executed,command,org.eclipse.ui,3.7.0.I20110602-0100,"org.eclipse.ui.edit.paste",1439001412739
executed,command,org.eclipse.ui,3.7.0.I20110602-0100,"org.eclipse.ui.file.save",1439001435929
executed,command,org.eclipse.ui,3.7.0.I20110602-0100,"org.eclipse.ui.file.save",1439001443758
executed,command,org.eclipse.ui,3.7.0.I20110602-0100,"org.eclipse.ui.file.save",1439001454955
executed,command,org.eclipse.ui,3.7.0.I20110602-0100,"org.eclipse.ui.file.save",1439001530561
deactivated,workbench,org.eclipse.ui.workbench,3.7.0.I20110519-0100,"",1439001533945
activated,workbench,org.eclipse.ui.workbench,3.7.0.I20110519-0100,"",1439001535193
deactivated,workbench,org.eclipse.ui.workbench,3.7.0.I20110519-0100,"",1439001538561
activated,workbench,org.eclipse.ui.workbench,3.7.0.I20110519-0100,"",1439001538686
executed,command,org.eclipse.ui,3.7.0.I20110602-0100,"org.eclipse.ui.file.save",1439001557509
activated,editor,org.eclipse.jdt.ui,3.7.1.r371_v20110824-0800,"org.eclipse.jdt.ui.CompilationUnitEditor",1439001617598
activated,editor,org.eclipse.jdt.ui,3.7.1.r371_v20110824-0800,"org.eclipse.jdt.ui.CompilationUnitEditor",1439001619095
executed,command,org.eclipse.ui,3.7.0.I20110602-0100,"org.eclipse.ui.file.save",1439001629996
executed,command,org.eclipse.ui,3.7.0.I20110602-0100,"org.eclipse.ui.file.save",1439001647603
executed,command,org.eclipse.ui,3.7.0.I20110602-0100,"org.eclipse.ui.file.save",1439001668176
executed,command,org.eclipse.ui,3.7.0.I20110602-0100,"org.eclipse.ui.edit.copy",1439001672388
executed,command,org.eclipse.ui,3.7.0.I20110602-0100,"org.eclipse.ui.edit.paste",1439001674150
executed,command,org.eclipse.ui,3.7.0.I20110602-0100,"org.eclipse.ui.file.save",1439001682137
executed,command,org.eclipse.ui,3.7.0.I20110602-0100,"org.eclipse.ui.file.save",1439001691464
activated,view,org.eclipse.ui.console,3.5.100.v20110511,"org.eclipse.ui.console.ConsoleView",1439001694444
activated,editor,org.eclipse.jdt.ui,3.7.1.r371_v20110824-0800,"org.eclipse.jdt.ui.CompilationUnitEditor",1439001697860
activated,view,org.eclipse.ui.console,3.5.100.v20110511,"org.eclipse.ui.console.ConsoleView",1439001700168
activated,editor,org.eclipse.jdt.ui,3.7.1.r371_v20110824-0800,"org.eclipse.jdt.ui.CompilationUnitEditor",1439001705830
activated,editor,org.eclipse.jdt.ui,3.7.1.r371_v20110824-0800,"org.eclipse.jdt.ui.CompilationUnitEditor",1439001705846
activated,editor,org.eclipse.jdt.ui,3.7.1.r371_v20110824-0800,"org.eclipse.jdt.ui.CompilationUnitEditor",1439001706704
opened,view,org.eclipse.jdt.ui,3.7.1.r371_v20110824-0800,"org.eclipse.jdt.ui.PackageExplorer",1439001711118
activated,view,org.eclipse.jdt.ui,3.7.1.r371_v20110824-0800,"org.eclipse.jdt.ui.PackageExplorer",1439001711149
deactivated,workbench,org.eclipse.ui.workbench,3.7.0.I20110519-0100,"",1439001729259
activated,workbench,org.eclipse.ui.workbench,3.7.0.I20110519-0100,"",1439001730538
activated,view,org.eclipse.ui.console,3.5.100.v20110511,"org.eclipse.ui.console.ConsoleView",1439001730897
activated,editor,org.eclipse.jdt.ui,3.7.1.r371_v20110824-0800,"org.eclipse.jdt.ui.CompilationUnitEditor",1439001739429
deactivated,workbench,org.eclipse.ui.workbench,3.7.0.I20110519-0100,"",1439001777255
activated,workbench,org.eclipse.ui.workbench,3.7.0.I20110519-0100,"",1439001777410
error,log,,,"Unexpected runtime error while computing a text hover",1439001779625
executed,command,org.eclipse.ui,3.7.0.I20110602-0100,"org.eclipse.ui.edit.undo",1439001781638
deactivated,workbench,org.eclipse.ui.workbench,3.7.0.I20110519-0100,"",1439001786598
activated,workbench,org.eclipse.ui.workbench,3.7.0.I20110519-0100,"",1439001786785
executed,command,org.eclipse.ui,3.7.0.I20110602-0100,"org.eclipse.ui.file.save",1439001825765
deactivated,workbench,org.eclipse.ui.workbench,3.7.0.I20110519-0100,"",1439001841706
activated,workbench,org.eclipse.ui.workbench,3.7.0.I20110519-0100,"",1439001841831
executed,command,org.eclipse.ui,3.7.0.I20110602-0100,"org.eclipse.ui.file.save",1439001858240
